"","Y1979","Y1980","Y1981","Y1982","Y1983","Y1984","Y1985","Y1986","Y1987","Y1988","Y1989","Y1990","Y1991","Y1992","Y1993","Y1994","Y1995","Y1996","Y1997","Y1998","Y1999","Y2000","Y2001","Y2002","Y2003","Y2004","Y2005","Y2006","Y2007","Y2008","Y2009","Y2010"
"Portugal",907.284818013509,498.510695139567,556.509892781576,533.465016682943,707.084111531576,660.542352040609,758.196169535319,621.471556345622,925.3837890625,731.205982208252,1104.78982416789,620.826075236003,569.531902313232,517.152043660482,701.627168019613,561.952563603719,700.201769510905,1085.18285369873,1028.68273417155,521.852667490641,664.936021169027,837.364433288574,774.361624399821,742.389828999837,758.432364145915,486.377607345581,477.532137552897,844.156613667806,574.924519856771,705.921314239502,747.359313964844,1015.17246500651
"Spain",682.847981882619,461.208240215595,411.830144022847,511.975491869581,442.825407761794,550.347130744012,517.031398731274,532.938821813562,688.837983519166,562.182842548077,818.642038198618,482.631741366544,514.062850952148,511.490557660113,497.452111212762,401.943300184313,470.958448808272,886.861094715831,787.486591716389,432.672486692994,477.632741907141,568.282447731102,624.630430619795,597.763276823274,644.34764115889,606.405680897472,431.648479755108,659.496841262985,610.967065832117,689.472495948875,664.426301725618,908.453992235792
"Italy",805.406992059005,729.78955078125,617.835580926192,862.512929815995,637.891948499178,756.855915270354,731.943536055715,729.024266293174,659.691981265419,713.748824270148,593.177136872944,736.719000565378,733.946680972451,739.660875822368,745.24758750514,585.208695261102,658.192633377878,950.778603001645,683.574951171875,589.427406712582,636.785657380757,582.367107190584,510.882741827714,651.387965152138,825.749174419202,838.903513055099,775.004860325863,784.046813964844,649.079236482319,639.439170435855,899.806868703742,866.570913214433
"Greece",980.777894861558,891.169320499196,867.046235926011,872.444729075712,744.629699707031,769.156869327321,745.072002635283,802.656745461857,904.87398035386,789.197705437155,543.083758185891,692.634684843176,852.800865622128,596.391468721278,694.097498276654,833.539627972771,792.143783569336,954.100025850184,762.875450583065,852.660542207606,866.349859798656,586.605452593635,778.03419045841,991.161554673139,927.480879839729,791.23221543256,880.37404497932,751.984509636374,703.568732766544,683.072890337776,1033.79816212374,905.165304744945
"Albania",1201.42883300781,1073.11401367188,977.611694335938,1029.44494628906,834.594909667969,822.195373535156,864.081604003906,926.589904785156,1054.90502929688,809.095520019531,619.778625488281,846.015014648438,939.989868164062,724.239501953125,828.125366210938,995.831298828125,1017.52191162109,1162.49865722656,856.784301757812,1033.08239746094,1120.20263671875,694.099975585938,867.2099609375,1187.71423339844,1098.548828125,982.622131347656,1094.44616699219,924.316101074219,880.277893066406,829.339294433594,1313.26403808594,1190.00183105469
"Turkey",652.989487949388,614.1327398391,729.540679931641,524.151730359891,625.73999287659,518.424502021823,573.676278779001,586.114520316516,710.804768615987,755.143429974973,454.557191989123,467.036428146032,628.273507518686,562.012849221498,548.903759448559,635.413806733631,609.571657783541,686.741727622556,644.889841715495,670.217923118955,505.751732235863,549.632964823669,660.144875398446,612.14127657011,670.713627802861,578.746229295607,591.119679372548,599.14118594215,569.587011824439,470.819216839679,785.146356359705,698.074171850692
"Armenia",471.029586791992,405.950523376465,540.696380615234,545.780883789062,402.559143066406,425.029151916504,429.417488098145,520.057243347168,497.410011291504,546.356925964355,346.798767089844,385.997184753418,462.881355285645,527.474540710449,572.43684387207,576.944030761719,426.403450012207,434.968841552734,435.220611572266,407.625549316406,406.297019958496,364.523727416992,375.411987304688,501.204627990723,532.101173400879,505.800186157227,443.657531738281,570.394500732422,540.754776000977,473.306655883789,585.056991577148,569.138565063477
"Azerbaijan",506.330243791853,544.969473702567,575.644557407924,722.910426548549,405.173945835658,534.902709960938,453.576102120536,521.423474993025,518.250754220145,564.151109967913,398.671840122768,453.816920689174,491.533530099051,570.295580182757,603.789280482701,547.388863699777,444.461879185268,442.363638741629,492.88077218192,457.93949672154,444.528577532087,500.469560895647,436.574009486607,529.082445417132,575.262071881975,553.259660993304,434.773018973214,536.77938406808,483.501438685826,482.847896030971,539.843043736049,496.002711704799
"Turkmenistan",269.143189586293,252.110213678533,333.044227183949,204.339727783203,156.677909157493,226.657655195756,187.903876842152,206.067947110263,243.56191073331,248.724241499467,185.857125854492,177.679442249645,208.486076771129,243.404895574396,245.029046630859,215.598871404474,146.83825933283,180.23153963956,220.95869029652,228.659705699574,237.298080721768,194.811995350231,178.971720192649,264.515446333452,306.451255104759,293.717655806108,238.326005415483,197.53584317294,216.929736328125,142.494536243786,258.930484286222,182.407539506392
"Iran (Islamic Republic of)",319.262085372595,317.549634096434,298.129630150555,388.162684461196,258.47130984025,279.313973666953,233.685496590978,357.254385557106,268.451497674846,312.790881301002,254.248724505198,220.101021197202,340.457886153845,383.800475854668,358.584612619963,335.095155249397,305.283900048235,349.747763283819,322.813815768674,300.117258524723,276.901230489607,247.944029156253,217.915417582011,286.802835093985,304.150955721629,339.70664308397,280.495069037238,311.486986860097,265.400842721514,188.284490942097,301.626158021337,190.212429122101
"Tunisia",309.715503498659,282.999630168333,168.850209187653,383.690277358233,202.38940688311,324.052391957428,213.785155862065,331.587985281217,223.89048340361,230.208276134426,195.226301160909,411.811668783931,272.935930930962,301.105834185067,199.470052169541,208.65239120742,309.101965952728,297.825451091184,283.103580022262,236.739643290891,296.451937788624,199.902339482712,174.603793903933,237.581766936739,402.703935526185,299.124139947406,261.327301025391,299.1564631058,305.843108872236,213.759271136785,365.672459877143,272.700034577968
"Syrian Arab Republic",352.927366700891,405.897699225439,415.549635168624,360.699476059169,339.709639666832,315.202747919788,311.798730092506,373.952549346506,424.063604276474,501.56805566239,218.599560985826,236.16960008177,400.056897829657,366.641179960068,336.159929249385,447.38241326319,282.26826393441,442.588120760983,382.770671269665,316.738409800072,204.450334522822,311.18129657066,362.361659428845,343.4973142441,427.618419908497,355.392789030728,289.774427649093,350.448657728221,316.830764247947,240.937231298995,362.205466388023,262.865712623074
"Iraq",227.379589058502,280.366513837848,267.20040048075,345.263226782369,209.697230288857,243.365594518115,244.962267736245,320.576670105694,311.224311917846,301.567989282441,203.532992625097,162.567078774435,244.645053997374,299.215406897472,332.477856641624,345.980128684239,240.13537271957,281.263244495057,284.006067733319,251.040007697211,181.265284621925,221.648350676598,206.102193642778,267.652119865194,275.920727824607,256.307470221268,229.804255836888,284.298350016276,187.319353560955,148.000697464971,194.518960785448,150.147328493888
"Algeria",121.66267398139,122.68510947272,76.0995104825385,122.120052281941,56.7162037686767,89.294963425565,95.9854462659248,120.657897490207,89.7377294691924,99.5268143849952,81.3455895592119,121.790738486798,109.79391956775,101.874881202929,101.916598872604,111.768539631478,99.7978400894415,138.476309344033,112.943791264686,78.5745410339855,112.621939946558,68.9926757689948,63.595041070029,91.9030507992361,124.692964743231,120.988433339885,109.220601019458,116.690446136154,100.740227450834,123.189281625168,139.203952506324,116.807432475491
"Morocco",339.386299570655,261.701699566689,161.177457773002,306.678785239056,209.886770406346,227.63176887658,275.630497294626,263.036670174568,334.463603997686,295.881680822676,388.195460811542,246.460237831067,299.924761924015,211.941256772181,262.691061906754,213.6856586432,261.796526671975,529.946042006183,348.197487800744,199.544052950136,258.641469918998,229.168270669925,208.433288525624,318.908546544944,343.175624725925,252.649913326191,207.288662661413,297.606621420308,234.366083716131,341.644543933261,366.989399272165,445.713088503309
"Cyprus",582.204193115234,543.570617675781,797.263641357422,460.450714111328,606.013458251953,585.329956054688,557.148345947266,491.544097900391,648.590545654297,750.919006347656,440.197937011719,378.584396362305,686.936309814453,550.533569335938,370.727005004883,682.353302001953,421.339950561523,585.871643066406,563.080368041992,530.825897216797,392.543502807617,612.290161132812,685.092346191406,554.623443603516,582.162719726562,562.562438964844,455.512008666992,497.092987060547,506.155944824219,350.805206298828,752.675109863281,464.033599853516
"Lebanon",421.492706298828,498.049407958984,452.259796142578,415.492614746094,409.076202392578,411.796600341797,306.252410888672,400.988098144531,414.665802001953,499.109405517578,242.952713012695,258.245483398438,515.929016113281,481.899291992188,292.003509521484,531.791076660156,257.733306884766,413.675109863281,470.417907714844,328.398895263672,205.378601074219,365.105102539062,349.601898193359,429.765594482422,537.87841796875,394.081604003906,379.51318359375,374.770599365234,348.885009765625,265.792083740234,421.0703125,265.870697021484
"Jordan",185.617075892857,202.796381923131,95.9866446358817,194.51729561942,145.606378827776,121.419438389369,150.958757237026,172.157763671875,149.029807390486,231.643806675502,102.60171421596,122.239625767299,207.932266453334,192.996831839425,110.861583818708,221.862770298549,84.5602571759905,137.827892194475,173.450979614258,115.639559936523,70.9181769234794,127.002886962891,161.968924386161,173.324669538225,150.16043788365,134.658131190709,112.54558694022,127.588454546247,117.809049333845,93.5425907679967,115.542118617467,118.940969412667
"Libyan Arab Jamahiriya",63.3929474099639,70.0737070867858,74.6837732085923,78.3323975359728,62.7919235705522,60.7462268674434,54.1462244955215,74.3630048619511,47.6588792897723,64.2906884711406,37.5416347831236,61.0596112615969,78.8326625323739,39.7312667478765,53.331992587664,74.6041945862488,71.3777878074678,43.6088711699052,49.931687419588,53.3990330905882,42.8369104503173,53.8997927155793,48.1538260356222,46.8337119739068,42.9980178250476,37.3139066577159,65.0843573540399,71.6214617956713,52.4816644776694,57.6577230407502,46.7925874656429,37.5573646751959
"Israel",225.26021030971,253.648764474051,152.172653198242,231.806265694754,210.388087681362,168.694453648158,187.800284249442,241.864985874721,188.94928414481,287.668400355748,158.584932599749,161.862439836775,295.781398228237,281.758501325335,153.535637991769,311.881216866629,127.336356026786,190.475019182478,240.994903564453,160.560389927455,107.089771815709,209.908412388393,203.925323486328,244.398572649275,229.292236328125,207.087772914342,177.606087820871,192.617688860212,171.832855224609,147.478177751814,169.980133056641,151.663412911551
"Palestine",236.76579284668,262.163787841797,111.659797668457,215.213806152344,201.468002319336,145.000091552734,189.53059387207,209.24299621582,165.175994873047,285.373107910156,136.962295532227,153.591995239258,279.218597412109,267.917083740234,125.847801208496,279.080505371094,97.839599609375,170.716003417969,219.878402709961,141.811904907227,87.7495040893555,157.277496337891,211.778503417969,229.326599121094,184.443206787109,169.86100769043,151.627502441406,164.420806884766,148.17790222168,123.938194274902,146.05110168457,145.369995117188
"Saudi Arabia",127.485947903969,110.927980143046,105.895279578339,186.210511315984,116.879448669763,89.7294329842218,120.096904602325,121.226264159113,87.8581110618097,94.0151444030323,126.162019532018,60.7205352700872,77.8742632275863,110.046093582592,139.392930734758,85.2810078504274,140.265089210675,131.048655261582,156.55098854998,99.897607216046,66.5364798676196,66.0717843789848,67.7994818371834,78.8491348705703,87.7101462549443,84.1434401244568,105.512993129209,83.6881863889077,53.8526109105391,52.9069618623034,66.5337114347828,61.40024563906
"Egypt",29.1315359595072,32.6844616278759,24.9412538122736,29.298276516614,32.6847561340964,21.7926865256294,29.9070041100623,26.9414835608467,27.2181932491492,39.6186666752093,24.2626970790697,21.2403635109327,44.0895517992051,32.4169279845709,28.7418199790775,50.2939188243276,21.7690543150375,27.1013206671615,36.2487366825178,33.5125220585923,19.2232809517924,39.3133544653489,24.8721635311183,29.436407170243,30.4125145909207,26.2318018472326,29.0323168734161,24.3194679835225,28.5390764178492,27.3234526656609,29.0927064945685,24.1920335711037
"Kuwait",126.399502754211,137.62317276001,145.972855567932,228.288064956665,93.2899904251099,141.357936859131,123.835984230042,189.209506988525,132.095611572266,163.619701385498,197.562616348267,99.959436416626,223.670127868652,230.355401992798,254.63868522644,217.16895866394,261.964744567871,225.507863998413,255.76037979126,203.232048034668,193.323652267456,190.232433319092,135.562103271484,149.45609664917,131.578538894653,189.2822265625,223.986944198608,167.128650665283,120.923289299011,75.3944511413574,133.933602333069,45.259937286377
"Western Sahara",100.177134236982,51.4093063108383,56.8716269052157,32.3431121457008,33.9508667812553,39.8576566429548,52.9455779085877,66.9287187309675,108.302033332086,78.7267794660343,96.7506758166898,59.7844245254353,91.5497206411054,27.8815019053798,81.911565021802,54.268557312668,75.3193251497002,84.323549783358,45.8802426245905,58.5660281847882,72.6517155965169,41.1190181034867,24.3002808376025,64.3644694666709,97.9696482996787,59.4557968467794,96.9312928722751,81.8602477042906,46.711577938449,54.3228119265649,79.2832620887346,78.5046402305685
"Mauritania",129.864259454939,110.880032836066,126.279065757328,85.0601425886154,67.3147756152683,84.2518456617991,101.41950190862,115.130925549401,115.428789573246,122.618610514535,141.758988730113,75.7290095594194,87.6733644697401,113.25825712151,138.064512909783,141.525424893697,146.27848643197,105.930457501941,97.8504763709174,100.813174703386,150.302543258667,115.018184894986,100.348462424013,89.1146447552575,166.065713924832,109.373443577025,144.833911493089,124.25745912128,99.5688833740022,133.992293760512,151.03924325837,183.820794423421
"Qatar",100.455602010091,88.8679377237956,53.4608662923177,257.633865356445,111.793935139974,66.4297358194987,43.879332224528,102.445597330729,71.6756006876628,157.07706451416,128.040194193522,81.2139650980632,98.0356636047363,163.083727518717,155.71662902832,80.9385325113932,269.590118408203,148.200004577637,224.97407023112,107.314534505208,97.3562367757161,116.100803375244,45.1576334635417,94.3410339355469,157.427070617676,117.528966267904,116.236498514811,149.109764099121,70.6820678710938,60.5049336751302,105.387435913086,44.2925669352214
"Oman",77.569098437274,53.630500793457,52.5443904311569,157.551616456774,195.381805278637,28.1392640007867,24.9109996513084,79.0337768837258,105.641938032927,105.961164615772,127.320377067283,102.833320405748,60.7029274481314,137.531063680296,75.6629933251275,77.9439268995214,152.672913021512,139.926328941628,189.207362775449,81.5662954118517,67.075277434455,59.7952482788651,36.4856398547137,81.5007299847073,83.2504097267433,87.2912668298792,101.666570345561,100.446877161662,124.532334857517,66.2737213240729,83.9923887252808,88.1287464918914
"United Arab Emirates",120.154039465863,90.2197746608568,59.3312616762908,266.141312972359,136.450962232507,30.6522001183551,24.3037563821544,86.7467133895211,107.517876998238,171.805513796599,108.499382682469,91.5880155148713,83.3042262533437,147.985186701236,132.668882950493,55.5841306603473,203.563440737517,156.761413905932,222.37030161982,113.740028049635,79.9584662395975,68.3633152505626,49.4356039296026,93.1098911451257,106.74069777779,90.0342486837636,114.808362546174,128.152931213379,61.0550882090693,122.55094677469,105.068822446077,61.2077513985012
"Mali",330.658244050359,338.908103505119,332.555722891028,285.754414015687,251.326827493708,248.041438542708,288.452676549728,307.031490906619,266.22574695882,354.357774013099,325.319191640099,266.614528910617,320.209826887073,330.022822091954,314.622884607427,432.334800175258,332.288771832576,324.782191193913,308.067547492177,364.104068407689,429.958694341869,316.523519134075,338.513015864325,284.918994461345,422.161516033235,338.383551800837,343.876365536549,331.689972593857,343.695003949507,392.785123892076,338.036706620692,391.820720690475
"Niger",171.88958124123,193.14762426603,153.481361809343,139.696732266114,122.139078491985,89.9723938502888,139.01114857787,157.26731869962,116.142729294182,187.233130445575,157.930457565454,118.807475503128,175.264034743356,180.490385201898,150.151361515026,235.420671471865,146.199672006144,140.910183472208,144.479151496793,196.267548365168,209.255789787462,143.674109535642,162.202554480864,157.397100421462,204.492353809942,137.373071941999,193.28671836853,178.853687307622,190.795629954574,186.432832758025,154.898080540175,216.798155010337
"Chad",354.982752313147,377.452188656325,351.522994172601,300.848643309587,270.482360790937,232.409446751877,290.262563972206,280.706686059912,276.092540943261,418.641037468032,323.350686868032,248.32420977568,336.808060533795,336.706514926501,285.91991810643,419.101284407236,354.725756457913,326.881267916628,322.997139196018,385.332832727677,409.775614313868,299.219015447132,377.122942697196,310.217613106841,372.701766009653,343.777730989012,390.338540770791,426.298185301827,341.150691071868,371.664872542406,280.077039905361,394.60044604526
"Sudan",446.880453615166,453.061380891777,440.030792442157,400.373354862634,373.572476925038,317.98637564148,429.347965443449,395.681115466056,398.794667246245,513.47629685482,465.21974017773,368.504941410941,428.27300505844,453.518601644096,447.379737669901,477.306206419599,463.420922992898,464.504588736333,481.66505615088,498.580650223531,523.427639205965,433.39993369951,464.877410756455,429.526013745678,467.829757820788,407.719566176273,447.616253166462,498.250893446181,539.118943296176,459.360304673942,340.465400868468,392.724467035106
"Yemen",230.909094545576,172.50539943907,171.303132745955,160.282894558377,275.987718900045,91.6210766633352,112.520199219386,165.545763863458,144.28974363539,150.765917195214,209.261804845598,160.525354729758,199.723555846347,184.354754991002,188.231046199799,131.934870084127,150.633997705248,194.217795981301,217.137488047282,168.813330147001,171.119865285026,126.530663490295,165.058324800597,177.390506651666,183.602988031175,167.510119279226,175.55606314871,184.45870812734,146.63908595509,126.550550619761,118.198861731423,155.163873288367
"Eritrea",458.466062164307,490.584559631348,451.819624328613,388.250414276123,385.270808410645,287.315391159058,399.246691894531,399.242613220215,376.237436676025,435.188935852051,345.910945892334,255.071946716309,250.048947906494,462.291315460205,486.963414001465,466.59986038208,494.017802429199,489.48465423584,540.205868530273,541.704457855225,500.627558898926,422.675482177734,385.270496749878,323.36653175354,382.867667007446,334.088119125366,403.727812576294,420.853071975708,387.973773193359,308.273960494995,249.116521835327,351.498000717163
"Senegal",631.413626726936,545.846531138701,654.17634268368,565.484767689424,449.437678168802,561.881404427921,614.941012214212,641.644343207864,656.976169361788,737.878343021168,716.820005080279,552.235864975873,550.525104522705,595.891434613396,658.651333079619,755.527243670295,691.904261869543,651.520668478573,639.61656592874,669.028774037081,853.864655438591,732.333753698012,642.584912019617,548.615944581873,870.587671616498,634.978654749253,691.196458704331,579.87927829518,572.892604154699,785.261532503016,697.653903288,795.76915920482
"Cape Verde",172.854797363281,225.45719909668,409.081390380859,325.637603759766,214.768402099609,285.722412109375,253.160202026367,437.830200195312,234.309600830078,253.861892700195,335.586791992188,306.062896728516,156.609603881836,103.42569732666,335.438995361328,149.624801635742,167.38069152832,221.220199584961,92.2319030761719,132.315505981445,171.669296264648,178.249008178711,119.416595458984,151.771697998047,176.030090332031,240.15299987793,144.619293212891,136.642105102539,132.698196411133,222.880401611328,234.661193847656,216.704193115234
"Burkina Faso",840.959322197493,786.896092969318,764.845354656841,749.855641919513,624.744376249092,627.079878696175,725.06731326081,786.409889753475,691.269107197606,835.716904041379,819.563261165175,685.925048118414,927.060123177462,793.829547261083,773.860563056414,1020.59528723428,827.493747799896,836.057866296103,796.478283194608,912.252395984738,939.333952438,780.074642092683,784.749896382177,714.848889727925,992.591197878815,783.685620684956,804.83897506359,835.325533134993,899.521800906159,878.002311529115,868.170575518941,922.277316780977
"Ethiopia",944.997806580086,874.853346165603,1042.2123008666,1013.06797554822,955.599236630489,743.794736205724,899.990818137399,821.106930368315,829.978649935425,900.230734434877,907.532678702336,812.117741571855,763.730606327212,812.546278005047,865.415238874068,842.98595207235,793.136509262126,908.171732501932,1003.3353237576,899.642572583868,833.3959304272,854.618231962044,833.327603720068,759.898088201921,821.731913083291,777.179502326945,782.221218739745,926.662169086901,822.543374699952,777.520034293818,578.870532979164,739.397178008951
"Nigeria",1231.53987982722,1271.31675463384,1181.68440674634,1134.29736428843,935.946304220571,1094.80487085726,1150.22873649975,1129.09588144636,1054.82885792547,1268.7470201549,1226.32940250812,1218.92646190278,1344.18973573993,1193.14932422197,1218.73468047794,1291.2612112316,1280.91626359291,1293.68547355224,1310.4395361167,1213.18884579498,1310.22925842084,1128.99774834661,1231.6835697791,1244.74927996645,1167.34311144738,1186.66290001193,1204.32178963136,1380.80405418472,1360.45631413727,1247.80064024469,1197.96757774227,1330.51221488726
"Gambia",772.856770833333,618.360107421875,769.310709635417,670.265421549479,528.981852213542,682.722473144531,721.894551595052,743.447835286458,792.312784830729,898.928934733073,853.715311686198,653.587036132812,632.727945963542,719.34434000651,780.607482910156,874.735921223958,801.407938639323,748.121154785156,777.757588704427,785.727620442708,1029.30814615885,906.031555175781,742.273620605469,640.922993977865,984.712198893229,740.637064615885,824.672831217448,707.849446614583,660.434814453125,971.842610677083,796.174235026042,890.241495768229
"Cameroon",1659.49737445027,1718.67719938317,1633.3947979155,1673.47071308992,1367.42739245356,1594.82480460446,1682.04647328902,1518.28804348277,1471.39720527493,1664.55956948209,1564.90177170111,1712.4823088354,1631.19994847304,1594.0982940051,1646.51372253003,1630.36614305146,1611.94300001495,1618.13845991277,1647.10652077604,1519.31742391781,1664.05414482688,1536.24576719115,1563.67410901128,1694.15881005112,1347.23460959091,1522.47340382686,1504.44097921151,1737.07085434271,1724.2317199707,1427.84882982734,1441.31144319911,1679.3026776995
"Guinea-Bissau",1615.71007191051,1495.20267001065,1733.0039395419,1575.70953924006,1441.99472878196,1421.69421386719,1525.16220925071,1606.88495427912,1597.10696688565,1741.58388449929,1824.45845170455,1527.14596280185,1669.87102716619,1664.63557572798,1649.47492009943,1896.04756303267,1653.64535245028,1589.78828568892,1750.61101740057,1774.60279430043,2082.60029740767,1797.36344770952,1755.43993030895,1576.12630948153,1963.0233931108,1690.04425603693,1507.17949884588,1494.09975363991,1312.83233087713,1847.81503018466,1410.98864746094,1568.11902965199
"Guinea",1722.17385160006,1668.070703751,1765.84767503005,1650.38964374249,1510.385939378,1485.00895182292,1607.94233116737,1628.73756760817,1585.56917630709,1702.56714180188,1736.88980024289,1692.2457431891,1708.90090238131,1767.13155580178,1732.91236134065,2024.81874593099,1763.79050073868,1781.90938626803,1814.61457237831,1913.98436247997,1946.77589455629,1761.80734018179,1863.10141538962,1686.33825370593,2128.77150472005,1710.247264373,1462.52513239934,1523.50387338492,1419.92308944311,1868.73788373898,1441.28545360076,1454.03150979067
"Benin",1242.45463679387,1116.39872233073,1038.25727257362,990.572300055088,841.628114357973,1039.00202042017,1115.73907783704,1037.43041053185,1051.12781857222,1190.13284067007,1193.50016432542,1028.25654484675,1331.49696702224,1014.03479316907,1093.17374048478,1240.27753468049,1202.98396183894,1146.06365027794,1125.32045648037,1170.2501549354,1219.34404422075,1045.42825865134,1004.75827104617,1127.74814703526,1255.59328988882,1151.24835518079,1077.2365253155,1069.3994516226,1250.55346992688,1244.08781863482,1174.20962289663,1237.78073041867
"Djibouti",402.899440220424,292.968880789621,479.358285086496,474.226571219308,477.450234549386,231.550541469029,373.895098005022,440.185468401228,398.674700055804,437.101501464844,543.545248849051,415.754534040179,457.95021711077,398.861476353237,469.37797328404,432.924516950335,432.408865792411,450.535234723772,466.902753557478,416.203290666853,400.407828194754,405.499947684152,368.877035958426,295.732500348772,350.182761056083,380.618342808315,369.429857526507,454.106052943638,328.012320382254,304.561859130859,241.163447788783,391.887581961496
"Somalia",358.950013502589,240.217182303375,454.164070849149,435.028963124977,279.742442005085,266.88752653014,354.976818948422,313.741716924703,376.220871187606,284.075918989361,419.331482725323,311.458533700907,295.622420041066,264.582034776796,362.219186386972,390.120702347665,320.246825560084,279.532283890922,691.29342953664,330.605325410951,323.437718733302,308.268219210067,302.438838526888,388.673453924791,379.084647772447,428.166289059621,302.167558778007,480.485223518228,331.628620579558,302.51680194207,304.91890381867,340.110406011905
"Ghana",1460.21159480168,1310.71350097656,1212.6499594664,1138.60452818259,904.952217297676,1292.22260069236,1284.64739911984,1167.16425499549,1317.35693124624,1248.77196170122,1399.78853744116,1129.87834441356,1426.87425192808,1065.72937011719,1207.95137532552,1208.70708446014,1321.36616242238,1300.13014808068,1261.64002560347,1128.37095446464,1381.84125225361,1191.67295563527,1065.2544125288,1236.28088222406,1335.15258319561,1273.67877588517,1213.18782473833,1146.36694335938,1290.80065291967,1319.605858436,1166.19978841146,1297.33506266276
"Togo",1410.69367133247,1203.91476101345,1099.47004869249,1024.30521647135,874.537875705295,1164.58508639865,1240.26421780056,1102.11606174045,1202.64835951063,1287.48495144314,1331.39074367947,1107.52532280816,1420.38321940104,1045.42475721571,1198.90863715278,1218.17123074002,1353.3103773329,1211.60993448893,1230.49183485243,1189.44947306315,1305.79682752821,1105.86036851671,1011.1331753201,1225.71782769097,1347.11370849609,1261.9860534668,1137.65698242188,1125.8248562283,1348.11296929253,1281.84153238932,1259.11068386502,1326.17225477431
"Central African Republic",1417.03065909591,1388.45118892894,1379.80727820303,1353.56200364057,1281.50813233619,1193.80846165676,1356.64875195073,1254.17280249502,1249.26320962345,1411.40341246362,1373.0345584645,1399.39568343817,1431.50692539589,1375.54724420286,1357.88161872415,1339.63623555501,1364.37557235419,1377.72368935978,1309.97602963915,1469.12509364708,1503.73531326593,1253.9370135139,1346.15724421482,1360.57333613377,1406.2186348111,1320.32772587795,1300.9501211129,1422.67013938754,1436.83610923617,1369.1455485026,1216.44136256798,1448.64956066655
"Cote d'Ivoire",1538.68843512579,1426.7682220739,1294.1306376326,1265.61794120019,993.517945455849,1381.1349067338,1425.90423695975,1202.12318014442,1391.46285254802,1373.46631979286,1496.49078873101,1240.26975859196,1328.02780179365,1164.64120063432,1272.40383379175,1386.50908807877,1431.44923442876,1395.29215009497,1211.13962603928,1283.67237448036,1418.55352279243,1304.31064206745,1175.17882964808,1195.19631202068,1456.38069586798,1280.09772120485,1217.21686686945,1241.9206867743,1237.07838369947,1402.08903405426,1147.07419747169,1398.21389518528
"Sierra Leone",2679.86454101563,2557.8269921875,2656.378046875,2407.80364257813,2406.64461914062,2244.32064453125,2248.0555859375,2334.02459960937,2333.75592773437,2306.13260742188,2478.5143359375,2279.65349609375,2306.612109375,2509.99736328125,2440.686015625,2581.33265625,2498.74609375,2548.95032226562,2411.50151367187,2730.8852734375,2441.33928710938,2392.3491796875,2419.69159179687,2290.89838867188,2656.76661132812,2202.4773828125,1870.48172851563,2053.99446289063,1790.98736328125,2317.89635742188,1530.17785644531,1655.54866210938
"Liberia",2467.47337292087,2344.47924017137,2154.33156659526,1971.32479366179,1840.49688523816,2170.19347750756,2185.71130764869,1853.99369959677,2087.08024351058,2138.04972593246,2203.64086914062,1957.95027800529,2045.2898500504,1956.25338646673,1921.58071997858,2147.47604271673,2196.9005953881,2263.68421591482,1964.28204542591,2287.70177041331,2143.16593686996,2102.60882371472,1857.22624354209,1809.2423765121,2188.83042858493,1890.68025059854,1632.34480531754,1723.92371786794,1672.05032053301,2098.66981161794,1291.40804955267,1815.96171323715
"Democratic Republic of the Congo",1655.35734960491,1624.75913726568,1625.91382656645,1664.72193960484,1568.98357628406,1576.82741839456,1701.51773923869,1664.34735410207,1673.48541801592,1731.98248378664,1751.30679528458,1694.83475225464,1622.36703427467,1601.66994514167,1588.2668486513,1540.21157199471,1532.80739926171,1565.20911975193,1600.53851119158,1496.46563234653,1643.03287890561,1687.0947484746,1709.9679065037,1735.98456957944,1565.2052367686,1683.98784950197,1541.81685301778,1793.94849334,1772.73250275057,1582.87948568558,1572.79806574331,1588.07769990528
"Kenya",815.981727967288,537.606554327164,778.781353139622,865.29224318234,586.640724059732,535.888098976829,679.174212940236,703.705716872598,569.766946231618,791.730488007081,810.87090623825,810.359892493263,580.305864303507,604.449122464593,531.165817015949,727.590125262418,606.201054863751,505.737963100168,997.728606361756,759.289332751922,547.017117097416,393.392002778895,584.143414828867,686.093968355719,596.397746040222,574.499220088204,419.213392206692,833.994227771453,615.164352172199,509.454796122995,475.905767022607,536.713128400996
"Equatorial Guinea",2092.11824544271,2108.14656575521,2001.30669487847,2054.35592990451,1702.30894639757,2320.06195746528,2246.64407009549,2015.95421006944,2038.69240993924,2348.77495659722,2130.74853515625,1932.66208224826,1930.84339735243,1768.11976453993,1877.7590874566,2073.08306206597,2047.56065538194,2068.95334201389,1969.41224500868,2038.5231391059,2102.54871961806,1925.24967447917,2045.36919487847,2304.23326280382,1920.3102484809,1833.83395724826,1826.81225585938,2100.52967664931,2275.45716688368,1642.65733506944,1735.958984375,1924.67442491319
"Uganda",1165.55169007836,1141.07968065215,1262.95261364448,1358.5017357803,1192.52605307974,1126.14077609923,1316.29178526343,1249.22727556926,1228.11589385242,1457.99997097108,1232.17346563572,1290.38066287157,1303.36966761147,1223.54909980588,1122.42198143936,1359.2722078649,1248.17481808546,1316.80124571265,1378.55701576791,1262.00891634313,1301.69962589915,1144.0177403892,1357.89770954411,1280.25776635147,1248.08173947218,1242.8022185535,1145.29741761743,1394.33131222609,1318.65317367926,1291.7704720846,1034.09112623261,1163.52625479349
"Congo",1678.74638227983,1699.03426513672,1657.77560480291,1613.23551802202,1383.13735018643,1642.19750865589,1750.65396173651,1611.69637673118,1616.0974720348,1773.98769753196,1712.58909357244,1748.21414905895,1544.99837646484,1586.58702503551,1555.44119096236,1647.51487815163,1642.90455433239,1550.69188121449,1592.22951549183,1601.28477894176,1780.80894109553,1733.44087357955,1607.46970103871,1745.33174826882,1522.39218306108,1536.53083052202,1469.27072310014,1649.61130925959,1876.09942737926,1569.50772594105,1715.83927667791,1665.19215087891
"Gabon",1755.67265828451,1869.87292771112,1794.09534999302,1706.72777012416,1363.50695800781,1984.20255243211,1963.35408673968,1736.04139346168,1744.64823695592,2056.41991606213,1863.0503859747,1836.48995681036,1716.19611612956,1577.8432980492,1648.24916585286,1846.6150890532,1844.29363141741,1738.08284069243,1761.81674049014,1681.15118262881,1884.36162458147,1856.43149239676,1778.19445946103,1963.07143583752,1747.35148257301,1555.78407069615,1613.48144095285,1842.7713070824,2107.34606933594,1589.82897949219,1861.4623819987,1861.12406703404
"Sao Tome and Principe",1049.25671386719,801.167297363281,1051.99096679688,1024.99182128906,679.78369140625,1612.44067382812,1439.64880371094,1214.60180664062,1116.5341796875,1957.50122070312,1618.86743164062,1253.26489257812,1370.21398925781,1374.1669921875,1458.34716796875,1261.09838867188,1693.8203125,1393.59545898438,1418.43811035156,1641.54870605469,1823.22790527344,1347.93823242188,1234.46154785156,1773.70080566406,1669.54577636719,1252.60266113281,1037.87915039062,1198.4287109375,1746.205078125,1219.25927734375,1273.69262695312,910.864318847656
"Rwanda",1400.67900390625,1357.81330566406,1443.01999511719,1486.97147216797,1396.55455322266,1324.74860839844,1381.92954101563,1438.04729003906,1344.898828125,1479.94997558594,1305.64985351562,1323.09343261719,1337.56915283203,1344.95280761719,1290.54711914062,1498.13852539063,1369.60310058594,1390.62834472656,1546.01008300781,1438.37425537109,1428.99741210938,1397.94755859375,1599.23477783203,1430.86915283203,1397.98197021484,1564.17137451172,1347.70476074219,1653.87923583984,1594.07448730469,1526.39675292969,1353.66743164062,1473.49344482422
"United Republic of Tanzania",1280.57453010908,1066.76542753332,970.915110868566,1248.89366459067,948.71284754136,1106.48210991753,1048.35733650557,1174.23351811428,942.393027311836,1025.01162799511,1224.55013260187,1041.35671797609,1026.61055361679,956.973119199666,899.146387436811,1027.39438524433,936.59586947572,924.318515154271,1135.42098161286,951.354662128523,951.773637160756,920.979628619026,898.465462678398,1090.98610692242,767.53169519761,1024.7309676027,710.253965689466,1220.01698093788,972.904616013072,973.529790741166,925.709221335018,828.498455172271
"Burundi",1264.78596191406,1178.69826660156,1231.59064941406,1378.69519042969,1163.16220703125,1118.26015625,1272.5138671875,1325.99816894531,1246.08347167969,1346.92915039062,1358.90944824219,1263.19995117188,1214.60920410156,1151.12648925781,1026.79404296875,1169.66962890625,1026.44248046875,1102.78217773437,1379.70187988281,1198.31381835938,1223.20322265625,1222.35615234375,1347.42980957031,1299.634765625,1117.78864746094,1348.69665527344,1020.89372558594,1488.65134277344,1324.31342773437,1346.53100585938,1228.93676757812,1205.26232910156
"Angola",1098.57294823573,945.835748672485,979.499842093541,1018.169612371,988.575215229621,1046.50859539325,1003.6796479592,1125.96819877625,993.995382822477,1180.33824091691,996.176614101116,1006.26583238748,1043.81620150346,917.382216306833,1069.65086746216,990.303907614488,958.614493736854,994.788741331834,1043.49036238744,976.836744803649,1035.33824663896,986.696297278771,1075.15341582665,1031.45019252484,972.89254797422,1017.27415385613,1058.89399132362,1188.18366138752,1162.55994334588,978.391418457031,1093.94420528412,1021.91995099875
"Zambia",1150.80645507813,1022.15346508789,973.332800292969,1022.616,921.385901855469,990.226187744141,1006.732546875,1159.48358129883,854.906803710938,1012.66722680664,1125.10835693359,938.546238769531,1019.1012800293,824.271698730469,1039.9326875,803.807743164062,802.244979125977,986.297427001953,1131.14421875,980.702649658203,957.042414550781,1137.82408496094,1097.1402878418,918.485040283203,967.99376953125,1107.33747143555,847.361738525391,1193.3804309082,1101.47335424805,1083.00847558594,1081.56672241211,1078.03177075195
"Malawi",1168.88057829204,1198.08116390831,977.961840177837,1203.99351742393,948.745260138261,1165.81098054585,1223.73482152035,1291.83636956466,873.874416953639,1148.54588880037,1415.00354325144,885.267703407689,1105.71018741005,829.970595510382,1053.49400570518,872.936248779297,957.696860865543,1221.62045609324,1337.12232087788,991.974639892578,1155.46663786236,1232.37002724095,1244.93558221114,1125.09333078485,1152.20583142732,1292.61867643657,915.766049033717,1274.47760170384,1226.48672324733,1157.37864122893,1153.72830842671,1025.13142796567
"Mozambique",1003.71980222781,1015.87830892841,1030.31493203381,1031.145303219,890.683363668035,1099.77369947112,1168.03862130954,1130.3438375523,836.401674534944,1036.90876352832,1187.30533785588,845.17257381825,992.592371908466,739.261595765303,975.140664318528,839.7364275643,886.675473788258,1108.98809723015,1219.04195972686,967.045554743277,1135.32594716504,1398.97740579098,1221.35668030928,890.248504867268,1013.99986810006,1111.56452101804,812.304767965824,1066.1828220096,1209.99548637019,1004.32858207788,908.726199260812,906.815523069003
"Comoros",1640.02209472656,2714.16088867188,1273.39050292969,1574.95263671875,1971.31103515625,1444.22937011719,1408.83544921875,1174.22680664062,955.192199707031,908.18212890625,1245.93725585938,880.291748046875,1133.70788574219,722.143005371094,1006.62969970703,1016.63830566406,917.347717285156,1033.52819824219,782.973876953125,957.2998046875,911.304016113281,807.524108886719,731.449584960938,1034.869140625,924.157653808594,1055.29028320312,833.879638671875,1112.14331054688,677.479187011719,997.940612792969,782.826354980469,803.95751953125
"Madagascar",1555.13216411648,1562.85486667959,1595.24545978182,2041.20021892912,1602.71185272063,2024.98210872478,1639.47650621884,1708.00039258794,1419.01137998955,1395.69934450082,1798.00718926665,1234.01822712194,1528.6271635276,1405.17742337174,1472.7050551218,1560.31915405887,1533.48539603535,1445.41077825652,1382.95844241962,1537.55880108551,1363.6731539779,1531.44893412374,1413.23801395282,1654.25094757847,1682.51964043852,1819.66818221969,1513.39660859228,1521.96681957149,1767.4126421291,1388.41827438585,1387.6409209745,1350.07959199072
"Zimbabwe",636.633796243107,701.429348216337,881.799517912023,511.414471345789,525.054036084343,624.087742300595,803.900340360754,764.07881972369,518.354229870964,715.422470092773,708.276731154498,654.953967374914,552.570174048929,504.855124305276,708.05792056813,500.590607811423,489.193632013658,791.058964897605,841.384236055262,684.610094407025,747.147658404182,1044.08943804573,910.555984945858,430.133051928352,618.318164825439,788.973853616154,565.109734479119,737.463751400218,787.130948235007,697.889759288115,646.890365151798,659.664073719698
"Namibia",326.430917148391,268.096801511917,186.96397480649,266.877668526945,252.945236903865,234.315316442829,282.036357421078,289.838927385284,237.32904572437,327.417053568239,274.757024951097,284.964008530673,332.953896093867,146.685036639303,327.279033135869,252.315663646738,209.394354059306,240.457367375337,363.936866986212,192.857016098209,295.48694306882,367.008224420847,326.901675446939,264.807193995353,215.97513733176,331.391899574094,279.721367586781,569.73277349173,195.773022003706,431.924025093637,416.124912368296,313.983464111434
"Botswana",372.10459470286,435.164762922861,497.260027246568,346.26606572716,368.536908196014,288.605130464128,323.696321654088,392.290238908194,343.70949250749,558.88764405482,506.703187961023,335.123813073612,490.320772041395,253.039835735432,407.910338911038,318.767262579168,378.795429340844,504.710986831813,517.327419984688,396.437959393251,363.569880661455,717.250773902078,522.751150927497,309.657642845969,299.202510352274,481.88133195303,404.733206739703,714.270650622914,362.639833839194,497.484978685101,563.818788695104,555.061943720845
"Mauritius",862.934753417969,838.768737792969,804.07421875,973.305908203125,696.633911132812,638.328735351562,863.127685546875,747.7373046875,851.987182617188,579.273559570312,640.158630371094,513.236389160156,510.869506835938,565.943298339844,603.442810058594,471.062713623047,1072.54406738281,814.009399414062,625.157104492188,575.161987304688,475.945404052734,520.261108398438,432.622283935547,768.811401367188,784.812072753906,849.482666015625,923.471008300781,701.381103515625,530.248229980469,866.065490722656,604.474182128906,627.432922363281
"Reunion",988.535888671875,868.571472167969,911.927307128906,1010.78552246094,788.310668945312,793.101989746094,1034.63732910156,904.554382324219,933.063110351562,673.364501953125,901.420776367188,565.757934570312,642.625305175781,511.865386962891,785.400512695312,595.609375,847.75537109375,799.001525878906,640.622924804688,631.973388671875,490.635681152344,510.160400390625,471.239196777344,897.584106445312,930.731201171875,631.583801269531,812.696472167969,744.709838867188,728.691284179688,771.491882324219,811.84228515625,757.639709472656
"South Africa",468.266748784383,476.484385867649,597.772247263591,422.364667477078,462.825498928494,452.603395962185,561.19627070109,476.405401306152,537.382983822293,665.850125189887,571.374118855794,444.676457138062,578.576869981554,352.234200998942,511.834335666233,424.331914045546,564.431962805854,664.81766966078,558.921617974175,532.210682288276,446.761605173747,697.845437588162,626.673983527289,483.155977240668,368.620415115356,524.798864296807,445.593372116089,696.759880489773,488.084787139893,498.205646955702,565.020908779568,518.727761679755
"Swaziland",689.053771972656,838.843872070312,957.853393554688,575.319091796875,835.777282714844,1150.74816894531,860.211486816406,734.353942871094,958.196533203125,903.095886230469,961.632690429688,732.276245117188,858.435913085938,568.570983886719,813.631713867188,667.966918945312,841.432556152344,1031.47192382812,975.976989746094,894.197692871094,941.043029785156,1378.3642578125,820.3125,565.154296875,503.777099609375,902.560913085938,724.430480957031,1072.06066894531,685.682373046875,721.080932617188,939.37939453125,862.71728515625
"Lesotho",791.004272460938,718.295850118001,879.263203938802,682.903981526693,757.465179443359,734.720222473145,853.94135538737,857.55078125,983.369028727214,1088.6923421224,916.596593221029,691.952865600586,901.469172159831,558.499666849772,833.077362060547,686.614397684733,893.998799641927,1069.84392801921,974.988693237305,945.179662068685,641.784004211426,988.041025797526,982.327489217122,817.905532836914,622.404345194499,844.455017089844,806.363016764323,1121.12066141764,727.020594278971,825.653325398763,956.602584838867,861.118291219076
